t,lat,lng
0.0,19.076000,72.877700
5.5,19.076319,72.877876
11.0,19.076638,72.878051
16.5,19.076958,72.878227
22.0,19.077277,72.878402
31.0,19.077596,72.878578
36.5,19.077915,72.878753
42.0,19.078234,72.878929
47.5,19.078553,72.879104
53.0,19.078873,72.879280
58.5,19.079192,72.879456
64.0,19.079511,72.879631
69.5,19.079830,72.879807
75.0,19.080149,72.879982
84.0,19.080469,72.880158
89.5,19.080788,72.880333
95.0,19.081107,72.880509
100.5,19.081426,72.880684
106.0,19.081745,72.880860
111.5,19.082034,72.880932
117.0,19.082202,72.880596
122.5,19.082370,72.880259
128.0,19.082539,72.879923
137.0,19.082707,72.879586
142.5,19.082875,72.879250
148.0,19.083043,72.878913
153.5,19.083212,72.878577
159.0,19.083380,72.878240
164.5,19.083548,72.877904
170.0,19.083716,72.877567
175.5,19.083885,72.877231
181.0,19.084053,72.876894
190.0,19.084221,72.876558
195.5,19.084389,72.876222
201.0,19.084557,72.875885
206.5,19.084726,72.875549
212.0,19.084894,72.875212
217.5,19.085062,72.874876
223.0,19.085230,72.874539
228.5,19.085399,72.874203
234.0,19.085567,72.873866
243.0,19.085735,72.873530
248.5,19.085903,72.873193
254.0,19.086072,72.872857
259.5,19.086240,72.872520
265.0,19.086408,72.872184
270.5,19.086576,72.871848
276.0,19.086744,72.871511
281.5,19.086913,72.871175
287.0,19.087081,72.870838
296.0,19.087249,72.870502
301.5,19.087417,72.870165
307.0,19.087586,72.869829
312.5,19.087754,72.869492
318.0,19.087922,72.869156
323.5,19.088090,72.868819
329.0,19.088259,72.868483
334.5,19.088427,72.868146
340.0,19.088595,72.867810
349.0,19.088763,72.867473
354.5,19.088931,72.867137
360.0,19.089100,72.866801
365.5,19.089268,72.866464
371.0,19.089436,72.866128
376.5,19.089604,72.865791
382.0,19.089773,72.865455
387.5,19.089941,72.865118
393.0,19.090134,72.864798
402.0,19.090342,72.864487
407.5,19.090549,72.864176
413.0,19.090757,72.863865
418.5,19.090964,72.863554
424.0,19.091171,72.863243
429.5,19.091379,72.862932
435.0,19.091586,72.862621
440.5,19.091793,72.862310
446.0,19.092001,72.861999
455.0,19.092208,72.861688
460.5,19.092416,72.861377
466.0,19.092623,72.861066
471.5,19.092830,72.860755
477.0,19.093038,72.860443
482.5,19.093245,72.860132
488.0,19.093452,72.859821
493.5,19.093660,72.859510
499.0,19.093867,72.859199
508.0,19.094075,72.858888
513.5,19.094282,72.858577
519.0,19.094489,72.858266
524.5,19.094697,72.857955
530.0,19.094904,72.857644
535.5,19.095111,72.857333
541.0,19.095319,72.857022
546.5,19.095526,72.856711
552.0,19.095734,72.856400
561.0,19.095941,72.856089
566.5,19.096148,72.855778
572.0,19.096356,72.855467
577.5,19.096563,72.855155
583.0,19.096770,72.854844
588.5,19.096978,72.854533
594.0,19.097185,72.854222
599.5,19.097392,72.853911
605.0,19.097600,72.853600
614.0,19.097807,72.853289
619.5,19.098015,72.852978
625.0,19.098222,72.852667
630.5,19.098429,72.852356
636.0,19.098637,72.852045
641.5,19.098844,72.851734
647.0,19.099051,72.851423
652.5,19.099259,72.851112
658.0,19.099466,72.850801
667.0,19.099674,72.850490
672.5,19.099881,72.850179
678.0,19.100079,72.849861
683.5,19.100264,72.849534
689.0,19.100449,72.849208
694.5,19.100634,72.848881
700.0,19.100819,72.848555
705.5,19.101004,72.848228
711.0,19.101189,72.847902
720.0,19.101374,72.847576
725.5,19.101559,72.847249
731.0,19.101744,72.846923
736.5,19.101929,72.846596
742.0,19.102114,72.846270
747.5,19.102299,72.845943
753.0,19.102484,72.845617
758.5,19.102669,72.845290
764.0,19.102854,72.844964
773.0,19.103039,72.844637
778.5,19.103224,72.844311
784.0,19.103409,72.843984
789.5,19.103594,72.843658
795.0,19.103779,72.843331
800.5,19.103964,72.843005
806.0,19.104149,72.842678
811.5,19.104334,72.842352
817.0,19.104519,72.842025
826.0,19.104704,72.841699
831.5,19.104889,72.841372
837.0,19.105074,72.841046
842.5,19.105259,72.840719
848.0,19.105444,72.840393
853.5,19.105629,72.840066
859.0,19.105814,72.839740
864.5,19.105999,72.839413
870.0,19.106184,72.839087
879.0,19.106369,72.838760
884.5,19.106554,72.838434
890.0,19.106739,72.838107
895.5,19.106924,72.837781
901.0,19.107109,72.837454
906.5,19.107294,72.837128
912.0,19.107479,72.836801
917.5,19.107664,72.836475
923.0,19.107849,72.836148
932.0,19.108034,72.835822
937.5,19.108219,72.835495
943.0,19.108404,72.835169
948.5,19.108589,72.834842
954.0,19.108774,72.834516
959.5,19.108959,72.834189
965.0,19.109144,72.833863
970.5,19.109329,72.833536
976.0,19.109514,72.833210
985.0,19.109699,72.832883
990.5,19.109884,72.832557
996.0,19.110069,72.832230
1001.5,19.110254,72.831904
1007.0,19.110439,72.831577
1012.5,19.110624,72.831251
1018.0,19.110809,72.830924
1023.5,19.110994,72.830598
1029.0,19.111179,72.830271
1038.0,19.111365,72.829945
1043.5,19.111550,72.829618
1049.0,19.111735,72.829292
1054.5,19.111920,72.828966
1060.0,19.112105,72.828639
1065.5,19.112290,72.828313
1071.0,19.112475,72.827986
1076.5,19.112660,72.827660
1082.0,19.112845,72.827333
1091.0,19.113030,72.827007
1096.5,19.113215,72.826680
1102.0,19.113400,72.826354
1107.5,19.113585,72.826027
1113.0,19.113739,72.826317
1118.5,19.113891,72.826662
1124.0,19.114043,72.827007
1129.5,19.114195,72.827352
1135.0,19.114347,72.827697
1144.0,19.114499,72.828042
1149.5,19.114650,72.828387
1155.0,19.114802,72.828732
1160.5,19.114954,72.829078
1166.0,19.115106,72.829423
1171.5,19.115258,72.829768
1177.0,19.115410,72.830113
1182.5,19.115562,72.830458
1188.0,19.115713,72.830803
1197.0,19.115865,72.831148
1202.5,19.116017,72.831494
1208.0,19.116169,72.831839
1213.5,19.116321,72.832184
1219.0,19.116473,72.832529
1224.5,19.116625,72.832874
1230.0,19.116776,72.833219
1235.5,19.116928,72.833564
1241.0,19.117080,72.833909
1250.0,19.117232,72.834255
1255.5,19.117384,72.834600
1261.0,19.117536,72.834945
1266.5,19.117688,72.835290
1272.0,19.117839,72.835635
1277.5,19.117991,72.835980
1283.0,19.117860,72.836327
1288.5,19.117711,72.836674
1294.0,19.117563,72.837020
1303.0,19.117414,72.837367
1308.5,19.117266,72.837714
1314.0,19.117117,72.838061
1319.5,19.116968,72.838407
1325.0,19.116820,72.838754
1330.5,19.116671,72.839101
1336.0,19.116523,72.839447
1341.5,19.116374,72.839794
1347.0,19.116225,72.840141
1356.0,19.116077,72.840488
1361.5,19.115928,72.840834
1367.0,19.115780,72.841181
1372.5,19.115631,72.841528
1378.0,19.115482,72.841874
1383.5,19.115334,72.842221
1389.0,19.115185,72.842568
1394.5,19.115037,72.842915
1400.0,19.114888,72.843261
1409.0,19.114739,72.843608
1414.5,19.114591,72.843955
1420.0,19.114442,72.844301
1425.5,19.114294,72.844648
1431.0,19.114145,72.844995
1436.5,19.113996,72.845342
1442.0,19.113848,72.845688
1447.5,19.113699,72.846035
1453.0,19.113551,72.846382
1462.0,19.113402,72.846729
1467.5,19.113253,72.847075
1473.0,19.113105,72.847422
1478.5,19.112956,72.847769
1484.0,19.112808,72.848115
1489.5,19.112659,72.848462
1495.0,19.112510,72.848809
1500.5,19.112362,72.849156
1506.0,19.112213,72.849502
1515.0,19.112065,72.849849
1520.5,19.112000,72.850000
